community,number_of_cops_race_coalesced_asian,number_of_cops_race_coalesced_black,number_of_cops_race_coalesced_latino,number_of_cops_race_coalesced_white,number_of_cops_age_coalesced_18-29,number_of_cops_age_coalesced_30-39,number_of_cops_age_coalesced_40-49,number_of_cops_age_coalesced_50-59,number_of_cops_age_coalesced_60+,number_of_cops_total_total,number_of_cops_race_coalesced_other,total_annual_salary_race_coalesced_asian,total_annual_salary_race_coalesced_black,total_annual_salary_race_coalesced_latino,total_annual_salary_race_coalesced_white,total_annual_salary_age_coalesced_18-29,total_annual_salary_age_coalesced_30-39,total_annual_salary_age_coalesced_40-49,total_annual_salary_age_coalesced_50-59,total_annual_salary_age_coalesced_60+,total_annual_salary_total_total,total_annual_salary_race_coalesced_other,community_label,tot_population_acs_14_18,tot_occp_units_acs_14_18,tot_housing_units_acs_14_18,pct_white,pct_black,pct_aian,pct_asian,pct_latino,pct_college,pct_blw_pov,pct_children_blw_pov,pct_female_no_hb,pct_vacant,pct_owner_occ,pct_single_detached,pct_recent_built,avg_hh_inc_acs_14_18,avg_house_value_acs_14_18,med_house_value_acs_14_18,med_hhd_inc_acs_14_18,time_range,variable,value,asian_cop_complaints,black_cop_complaints,latino_cop_complaints,other_cop_complaints,white_cop_complaints,total_cop_complaints,share_white_cop_complaints,lori_lightfoot,jerry_joyce,ballots_cast,lightfoot_share,jerry_joyce_share,crime_count,arrest_count,arrest_rate,kfr_pooled_pooled_p25_weighted,jail_pooled_pooled_p25_weighted,pooled_pooled_count,kfr_pooled_pooled_p25,jail_pooled_pooled_p25,cops_per_household,cops_income_per_household,average_cop_income,share_of_cops,share_of_pop,ratio_cop_share_to_pop_share,pct_white_cops,pct_black_cops,pct_latino_cops,pct_asian_cops,pct_poc_cops,lon,lat,race_label,income_label,race_income_label,cop_neighborhood
DOUGLAS,3,79,5,31,12,28,44,24,11,119,1,264036,6781794,523032,2912436,860208,2382672,4037568,2260368,1062954,10603770,122472,Douglas,21268,9625,10896,0.1127985706225315,0.6821515892420538,2.35094978371262e-4,0.1422324619146135,0.03399473387248449,0.44111664445535526,0.4043823639174708,0.6002294235732721,0.18815584415584416,0.11664831130690162,0.18264935064935064,0.13124082232011747,0.0013766519823788547,51384.145454545454,NA,191010.55584415584,33320.426945668136,2008-2018,bigcategory,Complaints,10,281,92,12,213,608,0.3503289473684211,613,70,4002,0.15317341329335332,0.017491254372813594,2768,463,0.16726878612716764,1648.4550878811074,421.2180434960488,6047.31942,0.27259269328973323,0.06965367863701316,0.012363636363636363,1101.6903896103895,89107.31092436975,0.008591437441339975,0.007758665661265004,1.1073344072850786,0.2605042016806723,0.6638655462184874,0.04201680672268908,0.025210084033613446,0.7310924369747899,-87.61714200066189,41.83471774820807,Black,$20-50K,Black ($20-50K),
OAKLAND,0,27,0,2,3,12,8,4,2,29,0,0,2344998,0,217500,196854,938028,745710,421896,260010,2562498,0,Oakland,6850,3096,3348,0.022627737226277374,0.9173722627737226,0,0.01416058394160584,0.03941605839416058,0.31820448877805485,0.27941605839416056,0.3018867924528302,0.35335917312661497,0.07526881720430108,0.1866925064599483,0.14068100358422939,0.013440860215053764,48526.48578811369,NA,210969.21834625324,28575.636200716846,2008-2018,bigcategory,Complaints,1,17,2,0,14,34,0.4117647058823529,188,19,1325,0.1418867924528302,0.014339622641509434,618,65,0.10517799352750809,582.8519912928815,153.5751485040492,2236.09576,0.26065609609352397,0.06868004101221907,0.009366925064599484,827.6802325581396,88362,0.0020937116453685653,0.0024989119700801806,0.8378493001901888,0.06896551724137931,0.9310344827586207,0,0,0.9310344827586207,-87.60510729504273,41.824143620944895,Black,$20-50K,Black ($20-50K),
FULLER PARK,1,5,0,0,2,0,3,0,1,6,0,87006,448998,0,0,124344,0,343044,0,68616,536004,0,Fuller Park,2320,1070,1502,0.01939655172413793,0.9193965517241379,0,0,0.061206896551724135,0.1074095347501436,0.2849740932642487,0.38095238095238093,0.22710280373831776,0.28761651131824234,0.2691588785046729,0.237017310252996,0,32904.67289719626,21336.218375499335,106197.3831775701,23359.818242343543,2008-2018,bigcategory,Complaints,9,249,69,2,237,566,0.41872791519434627,82,11,622,0.13183279742765272,0.017684887459807074,771,210,0.2723735408560311,233.486693489793,62.498647017257355,899.6958,0.25951737630629484,0.06946642078050977,0.005607476635514018,500.9383177570094,89334,4.3318171973142733e-4,8.463468278227765e-4,0.5118253007998924,0,0.8333333333333334,0,0.16666666666666666,1,-87.63239450834686,41.80906605823142,Black,$20-50K,Black ($20-50K),
GRAND BOULEVARD,0,98,3,3,12,26,39,21,6,104,0,0,8479806,242628,259014,928980,1978932,3593880,1993362,486294,8981448,0,Grand Boulevard,23200,10537,12391,0.026508620689655173,0.9269827586206897,0.003879310344827586,0.006896551724137931,0.017370689655172415,0.31262709084945883,0.3076082681466591,0.36559324952643363,0.2654455727436652,0.14962472762488904,0.23583562683875867,0.16342506658058267,0.023969009765152125,NA,NA,229119.04716712536,34922.86772657574,2008-2018,bigcategory,Complaints,18,219,69,0,136,442,0.3076923076923077,900,94,5824,0.15453296703296704,0.016140109890109892,3227,655,0.2029748992872637,2133.4954679960038,438.4734247997578,7510.52963,0.2840672460000672,0.05838115903948012,0.009869981968302173,852.3724020119579,86360.07692307692,0.007508483142011407,0.008463468278227764,0.8871638547198136,0.028846153846153848,0.9423076923076923,0.028846153846153848,0,0.9711538461538461,-87.61783034093531,41.81293605056095,Black,$20-50K,Black ($20-50K),
KENWOOD,0,39,0,5,8,12,6,12,6,44,0,0,3361434,0,488124,616506,1017624,498300,1061316,655812,3849558,0,Kenwood,17440,9308,10611,0.18262614678899083,0.673394495412844,0.0019495412844036698,0.07947247706422018,0.025802752293577983,0.5778878909879219,0.20728453775664077,0.18403693931398418,0.13934250107434465,0.12279709735180473,0.3370219166308552,0.1500329846385826,0.0016963528413910093,86102.47099269446,111283.59249835077,269884.64761495485,51204.639336537555,2008-2018,bigcategory,Complaints,3,89,18,1,72,183,0.39344262295081966,1031,77,5404,0.19078460399703923,0.014248704663212436,1454,174,0.11966987620357634,821.8610941282204,141.49333036303355,2776.96995,0.29595606323655765,0.050952416810644115,0.004727116458960034,413.5752041254835,87489.95454545454,0.003176665944697134,0.0063621933953574225,0.4993035809026474,0.11363636363636363,0.8863636363636364,0,0,0.8863636363636364,-87.59655550682066,41.80959181898911,Black,$50-75K,Black ($50-75K),
LINCOLN SQUARE,4,1,17,88,21,33,24,26,6,110,0,351108,111444,1347522,8016432,1521036,2928342,2271114,2495538,610476,9826506,0,Lincoln Square,41713,18349,19840,0.6448109702011363,0.035768225732984923,4.0754680794956007e-4,0.08954043104068277,0.18521803754225302,0.6235228262221669,0.08586731588557517,0.101242324717978,0.07368248950896507,0.07515120967741935,0.3959343833451414,0.1685483870967742,0.011139112903225806,100665.39320943921,158309.49596774194,377169.8076189438,73279.91461693548,2008-2018,bigcategory,Complaints,17,9,41,2,153,222,0.6891891891891891,3824,497,11820,0.32351945854483927,0.04204737732656515,1876,245,0.13059701492537312,2404.1345535977193,55.065122001541496,5259.67161,0.4570883378017053,0.010469307988135307,0.005994877105019347,535.5335985612295,89331.87272727273,0.007941664861742834,0.015217097081453222,0.5218909243486545,0.8,0.00909090909090909,0.15454545454545454,0.03636363636363636,0.2,-87.68959408440188,41.97603339689192,White,$50-75K,White ($50-75K),
WASHINGTON PARK,0,27,0,2,5,9,7,4,4,29,0,0,2347428,0,145020,409128,711486,653130,313362,405342,2492448,0,Washington Park,11355,4538,5782,0.01083223249669749,0.9161602818141787,0.014002642007926024,0.0018494055482166448,0.021400264200792603,0.17732081656981075,0.3750887154009936,0.4929218573046433,0.39202291758483915,0.2151504669664476,0.1372851476421331,0.08976132826011761,0.005188516084399862,37242.68400176289,NA,137440.0396650507,28334.95416810792,2008-2018,bigcategory,Complaints,10,147,77,2,122,358,0.3407821229050279,279,41,2102,0.13273073263558516,0.01950523311132255,2291,447,0.1951113051069402,1391.5615911411837,315.16941226085873,5028.74688,0.2767213431790752,0.06267354865569585,0.006390480387836051,549.2393124724548,85946.4827586207,0.0020937116453685653,0.00414235699565846,0.5054396923208097,0.06896551724137931,0.9310344827586207,0,0,0.9310344827586207,-87.61730515976438,41.79112801783032,Black,$20-50K,Black ($20-50K),
HYDE PARK,2,22,1,14,4,12,12,6,5,39,0,171060,1962294,90024,1174482,289044,1049208,1007706,567390,484512,3397860,0,Hyde Park,27517,13043,14470,0.4760329977831886,0.26841588835992297,0.002689246647526983,0.12079805211323909,0.0851473634480503,0.7499713795077275,0.2295318705122548,0.10832025117739404,0.06486237828720387,0.09861782999308916,0.35574637736717013,0.12142363510711818,0.007532826537664133,93210.70305911217,NA,275708.4336425669,56636.358465791294,2008-2018,bigcategory,Complaints,12,86,20,3,29,150,0.19333333333333333,1843,94,7283,0.253055059728134,0.012906769188521214,1732,165,0.09526558891454966,622.6379063863311,70.39502607967367,1891.417158,0.3291912118660875,0.037218138675505066,0.0029901096373533696,260.5121521122441,87124.61538461539,0.0028156811782542777,0.010038330026379026,0.2804929874645629,0.358974358974359,0.5641025641025641,0.02564102564102564,0.05128205128205128,0.6410256410256411,-87.5925939985459,41.79423561939169,Black & white,$50-75K,Black & white ($50-75K),
WOODLAWN,0,40,4,3,5,7,19,13,3,47,0,0,3486408,290208,235542,384684,509742,1656666,1228410,232656,4012158,0,Woodlawn,25058,10588,13400,0.07849788490701573,0.829435709154761,0.001676111421502115,0.0378322292281906,0.03324287652645862,0.3008837970540098,0.35826755033982016,0.512292243767313,0.2580279561768039,0.2098507462686567,0.2482999622213827,0.11455223880597015,0.0075373134328358205,46552.9089535323,NA,156221.87381941822,31260.79671641791,2008-2018,bigcategory,Complaints,25,453,152,0,326,956,0.3410041841004184,858,72,5122,0.16751269035532995,0.014057008980866849,3789,771,0.2034837688044339,2334.785091225135,430.53954661445823,7925.51705,0.2945908861839033,0.054323212466555505,0.00443898753305629,378.93445409898,85365.06382978724,0.0033932568045628476,0.009141275349820316,0.3712016840877183,0.06382978723404255,0.851063829787234,0.0851063829787234,0,0.9361702127659575,-87.59506504064203,41.77613563523626,Black,$20-50K,Black ($20-50K),
ROGERS PARK,3,15,16,51,16,19,18,26,6,85,0,267366,1359318,1313922,4479138,1224816,1527192,1655400,2425386,586950,7419744,0,Rogers Park,54872,24282,27717,0.43938620790202654,0.26266584050153086,5.285026971861787e-4,0.0543993293483015,0.2060431549788599,0.45006454332305906,0.258857220255026,0.3519847972972973,0.09109628531422453,0.12393116138110186,0.24973231200065893,0.07594617022044232,5.411841108345059e-4,60265.31175356231,NA,218325.2079729841,40442.13717213263,2008-2018,bigcategory,Complaints,18,44,93,2,395,552,0.7155797101449275,3362,381,12600,0.2668253968253968,0.030238095238095238,3834,561,0.14632237871674492,4259.698583028261,381.19138940072963,11723.61275,0.36334350800083026,0.032514839711054906,0.003500535375998682,305.5656041512231,87291.10588235295,0.006136741029528554,0.020017561696677323,0.30656785888898647,0.6,0.17647058823529413,0.18823529411764706,0.03529411764705882,0.4,-87.67098940737404,42.010498268028506,"White, Black & Latino",$20-50K,"White, Black & Latino ($20-50K)",
JEFFERSON PARK,7,2,39,240,34,76,109,63,6,288,0,548838,201144,3408018,22534326,2548242,6385782,10706550,6494688,557064,26692326,0,Jefferson Park,27989,10515,11281,0.6130622744649684,0.010968594805102004,0.003537103862231591,0.10339776340705277,0.2468827039193969,0.3640701071080818,0.09684361549497848,0.14716569767441862,0.09300998573466476,0.06790178175693644,0.6419400855920114,0.5092633631770234,0.0029252725822178885,89635.27341892534,186669.4087403599,294873.1811697575,76507.87501108058,2008-2018,bigcategory,Complaints,7,7,38,1,165,218,0.7568807339449541,878,1004,6926,0.12676869766098758,0.144961016459717,960,134,0.13958333333333334,796.5816938031162,3.317071903595196,1735.14891,0.45908549359208384,0.0019116929299141225,0.027389443651925822,2538.499857346648,92681.6875,0.02079272254710851,0.010210517829280901,2.03640235439194,0.8333333333333334,0.006944444444444444,0.13541666666666666,0.024305555555555556,0.16666666666666666,-87.77277189298997,41.98255457116025,White,$75-120K,White ($75-120K),Cop neighborhood
FOREST GLEN,16,3,31,239,23,61,133,62,11,290,1,1475484,253872,2996220,23704590,1881606,5473422,13545144,6565254,1062180,28527606,97440,Forest Glen,19092,6982,7239,0.6948983867588518,0.01126126126126126,0,0.12214540121516866,0.15027236538864447,0.5713340197087807,0.04652624960704181,0.03915135608048994,0.08206817530793468,0.035502141179720954,0.8867086794614724,0.8883823732559746,0.0026246719160104987,134196.21884846748,383465.8378229037,437149.1263248353,113295.63254593176,2008-2018,bigcategory,Complaints,2,6,6,0,29,43,0.6744186046511628,927,831,6951,0.13336210617177385,0.119551143720328,439,33,0.07517084282460136,402.03921217849364,10.132662922626029,805.8582200000001,0.49889571415986006,0.012573753882694189,0.04153537668289888,4085.8788312804354,98371.05517241379,0.020937116453685654,0.006964850705513986,3.006111306464904,0.8241379310344827,0.010344827586206896,0.10689655172413794,0.05517241379310345,0.1724137931034483,-87.75166075922614,41.99170083641275,White,$75-120K,White ($75-120K),Cop neighborhood
NORTH PARK,8,1,11,33,14,13,13,9,4,53,0,677550,90024,918246,3051384,1055838,1157748,1170252,971568,381798,4737204,0,North Park,18451,6557,7107,0.5248496016476072,0.030675844127689558,0.003414449081350604,0.2464907051108341,0.16118367568153488,0.4624731951393853,0.15514428756258086,0.21403061224489797,0.1091962787860302,0.07738849022090896,0.501296324538661,0.32263965104826225,0,80312.45996644808,167015.51990994794,315923.0593259112,53994.33572534121,2008-2018,bigcategory,Complaints,6,3,19,0,33,61,0.5409836065573771,682,254,3842,0.17751171264966165,0.06611140031233732,792,62,0.07828282828282829,960.4041557703825,4.616101137323799,1927.12272,0.4983617004787233,0.0023953332548140986,0.008082964770474302,722.4651517462254,89381.2075471698,0.003826438524294275,0.006731010913861228,0.5684790254038152,0.6226415094339622,0.018867924528301886,0.20754716981132076,0.1509433962264151,0.37735849056603776,-87.7228745850224,41.98460103728628,Asian & white,$50-75K,Asian & white ($50-75K),
ALBANY PARK,10,3,49,48,24,26,40,12,8,110,0,893850,249756,4088994,4192164,1880442,2170326,3638496,1061088,674412,9424764,0,Albany Park,50343,16678,18447,0.3203424507875971,0.04969906441809189,2.1850108257354548e-4,0.14307848161611347,0.4565878076395924,0.35192788289896465,0.17713368851953182,0.2758559359715429,0.1277131550545629,0.0958963517103052,0.4117999760163089,0.211362281129723,0.0027646771832818343,79190.62837270656,131881.24898357457,303791.7915817244,59322.582859001464,2008-2018,bigcategory,Complaints,28,7,75,3,179,292,0.613013698630137,1959,385,7771,0.2520911079655128,0.0495431733367649,2177,291,0.13367018833256775,4747.048338942466,167.60173942049977,10785.37481,0.44013754019388285,0.015539723224556141,0.006595515049766159,565.1015709317664,85679.67272727273,0.007941664861742834,0.018365361359087083,0.43242627827812063,0.43636363636363634,0.02727272727272727,0.44545454545454544,0.09090909090909091,0.5636363636363636,-87.72429925736748,41.96852941988719,Latino & white,$50-75K,Latino & white ($50-75K),
PORTAGE PARK,9,7,103,177,52,88,88,57,13,298,2,829746,554964,8940702,15717882,3832062,7380360,8368596,5428002,1190838,26199858,156564,Portage Park,64961,22613,25137,0.49004787487877344,0.014069980449808346,0.0018164745000846662,0.05415557026523606,0.41563399578208465,0.30328950261664983,0.11336026147015293,0.14954889931432697,0.1325343828771061,0.10040975454509289,0.5859903595277053,0.44603572423121296,0.0048931853443131635,82237.66417547429,158524.33464613915,289883.3370185292,66022.55702748935,2008-2018,bigcategory,Complaints,10,18,55,0,195,278,0.7014388489208633,1792,1074,11883,0.15080366910712784,0.09038121686442817,2898,428,0.147688060731539,3259.9813726621874,66.03549219440946,7087.32449,0.45997348890429984,0.009317407759103388,0.013178260292751957,1158.6192897890594,87918.9865771812,0.021514692079994225,0.023698075983704905,0.9078666173063162,0.5939597315436241,0.02348993288590604,0.34563758389261745,0.030201342281879196,0.39932885906040266,-87.7647071836309,41.95365559537075,Latino & white,$50-75K,Latino & white ($50-75K),
IRVING PARK,11,3,93,105,47,57,50,38,20,212,0,890478,234084,7657656,9438954,3538818,4733682,4656372,3469758,1822542,18221172,0,Irving Park,53665,20410,22776,0.42933010341936084,0.03042951644461008,0.0012112177396813566,0.08230690394111619,0.4219323581477686,0.40434681242390486,0.10279514182200447,0.13876589731512012,0.1087702106810387,0.10388127853881278,0.487016168544831,0.301589392342817,0.012293642430628733,88344.85056344929,155554.7110994029,323099.6423321901,67196.05400421497,2008-2018,bigcategory,Complaints,19,9,72,1,121,222,0.545045045045045,2652,635,11554,0.2295308983901679,0.05495932144711788,2521,275,0.10908369694565649,3630.135463653999,93.93113667926445,8461.10334,0.4290380719607189,0.01110152339532405,0.010387065164135227,892.7570798628124,85948.92452830188,0.0153057540971771,0.01957724246340918,0.7818135841032923,0.49528301886792453,0.014150943396226415,0.4386792452830189,0.05188679245283019,0.5047169811320755,-87.7187539866022,41.953578996036384,Latino & white,$50-75K,Latino & white ($50-75K),
DUNNING,12,7,119,350,64,165,155,84,20,488,0,1065390,608112,10376190,31595214,4741896,13736916,14954400,8285418,1926276,43644906,0,Dunning,44035,15683,16710,0.6167593959350517,0.022459407289655956,0,0.05752242534347678,0.2975814692857954,0.26726423431384927,0.08137783053323594,0.10540213444823412,0.11088439711789837,0.061460203470975465,0.7469871835745712,0.6683423099940156,0.0017354877318970677,82470.872919722,172155.75104727707,248805.06918319198,69789.1947336924,2008-2018,bigcategory,Complaints,4,2,28,0,85,119,0.7142857142857143,715,1096,7477,0.09562658820382507,0.1465828540858633,1261,153,0.12133227597145123,1606.5481265807884,19.314482431860576,3346.292612,0.48009792114999544,0.0057719048126866485,0.031116495568449913,2782.9436969967483,89436.28278688525,0.03523211320482276,0.01606417351861033,2.1932104483312753,0.7172131147540983,0.014344262295081968,0.24385245901639344,0.02459016393442623,0.2827868852459016,-87.80653841924294,41.94725726102338,White,$50-75K,White ($50-75K),Cop neighborhood
MONTCLARE,1,10,47,39,16,39,27,14,1,97,0,94524,888906,3990798,3240276,1139064,3178032,2470164,1333890,93354,8214504,0,Montclare,13811,4577,5070,0.299616247918326,0.030048512055607848,0.008254290058648903,0.03287234812830352,0.6129896459344001,0.16375522452041583,0.1320850939822235,0.15433673469387754,0.18374481101157963,0.09723865877712032,0.6401573082805331,0.5775147928994083,0.0021696252465483235,76050.60083023815,133808.02761341224,241381.66921564343,45301.93609467456,2008-2018,bigcategory,Complaints,1,5,12,0,33,51,0.6470588235294118,175,179,2122,0.0824693685202639,0.08435438265786993,560,55,0.09821428571428571,686.0453662711463,7.02357053568088,1584.16211,0.4330651275778502,0.004433618561727171,0.02119292112737601,1794.7354162114923,84685.60824742269,0.007003104468991409,0.005038317258215675,1.3899689340864503,0.4020618556701031,0.10309278350515463,0.4845360824742268,0.010309278350515464,0.5979381443298969,-87.79846544355527,41.927822546486595,Latino,$20-50K,Latino ($20-50K),
BELMONT CRAGIN,3,11,169,39,56,67,51,31,17,222,0,258132,958110,13602120,3339066,4254468,5361570,4431522,2682282,1427586,18157428,0,Belmont Cragin,80701,22495,24686,0.1289946840807425,0.02343217556164112,3.96525445781341e-4,0.01810386488395435,0.8197172277914772,0.1321313027696678,0.17328605496110772,0.2662523020257827,0.19315403422982885,0.08875475978287288,0.5101133585241164,0.41104269626508955,0.002471036214858624,62912.30051122472,125112.41189338086,238413.687486108,50886.64664182127,2008-2018,bigcategory,Complaints,35,39,136,1,519,730,0.7109589041095891,632,472,7507,0.08418809111495937,0.06287465032636207,4439,865,0.19486370804235187,6165.526084632439,190.56667395228305,14759.21694,0.41774073175405463,0.012911706273238304,0.009868859746610358,807.176172482774,81790.21621621621,0.01602772363006281,0.029440101444881846,0.5444180842946527,0.17567567567567569,0.04954954954954955,0.7612612612612613,0.013513513513513514,0.8243243243243243,-87.766105734048665,41.92642139918708,Latino,$50-75K,Latino ($50-75K),
WEST RIDGE,32,25,35,81,30,47,50,32,14,173,0,2418474,2081466,3018180,7109244,2247366,3779268,4518210,2831964,1250556,14627364,0,West Ridge,77212,25602,28272,0.41703362171683156,0.13365798062477335,0.002965860228979951,0.2200046624876962,0.18362430710252292,0.39304395347021626,0.2108422632368816,0.30959704706244234,0.12061557690805406,0.09443972835314092,0.4671900632763065,0.24239530277306168,0.0020514997170345216,72716.10421060855,114961.6298811545,255376.22451370987,52979.88087153367,2008-2018,bigcategory,Complaints,20,24,59,3,244,350,0.6971428571428572,2130,679,11516,0.18496005557485237,0.05896144494616186,3356,392,0.11680572109654351,5046.744365659035,154.45355186657233,10571.05413,0.4774116472771325,0.014610988645705886,0.006757284587141629,571.3367705647996,84551.23699421965,0.012490072918922821,0.028167297961143197,0.44342460310367304,0.4682080924855491,0.14450867052023122,0.2023121387283237,0.18497109826589594,0.5317919075144508,-87.69394611132537,42.001394371799314,Asian & white,$50-75K,Asian & white ($50-75K),
HERMOSA,2,0,64,5,21,16,13,14,7,71,0,204972,0,5152428,441504,1667094,1278294,1023438,1236636,593442,5798904,0,Hermosa,23489,7016,7849,0.10072800034058496,0.03214270509600239,0.0017029247732981395,0.021158840308229385,0.835242028183405,0.16259785060368848,0.19220115064990412,0.2846233946546338,0.1911345496009122,0.10612816919352784,0.47277651083238315,0.30691807873614474,0,60978.3637400228,107407.79717161422,243451.2970353478,42922.89348961651,2008-2018,bigcategory,Complaints,1,1,26,0,49,77,0.6363636363636364,255,98,2443,0.10437986082685223,0.04011461318051576,1142,206,0.18038528896672504,2561.4513488099783,69.07879472728644,6416.62234,0.3991899808162901,0.010765600820335397,0.010119726339794756,826.5256556442417,81674.7042253521,0.005125983683488557,0.008568896827038446,0.5982081225804866,0.07042253521126761,0,0.9014084507042254,0.028169014084507043,0.9295774647887324,-87.73510049643352,41.92602117323938,Latino,$20-50K,Latino ($20-50K),
AVONDALE,4,2,41,37,14,25,19,19,7,84,0,322146,156564,3416322,3212088,1009650,2065266,1648494,1787112,596598,7107120,0,Avondale,37909,13388,15266,0.34754279986282943,0.01959956738505368,3.165475216966947e-4,0.03740536548049276,0.5711836239415442,0.35175100219348004,0.17488551840969851,0.2702252944188428,0.11659695249477144,0.12301847242237653,0.3950552733791455,0.19363290973404954,0.012183938163238569,78421.03376157754,150351.4083584436,322067.7248282044,60722.31658587711,2008-2018,bigcategory,Complaints,1,10,70,0,91,172,0.5290697674418605,1401,250,6726,0.20829616413916147,0.037169194171870354,2075,321,0.15469879518072288,3480.3628193254826,98.30863320962952,8503.14553,0.40930298170793306,0.011561443099237362,0.00627427547057066,530.8574843143114,84608.57142857143,0.006064544076239983,0.0138293801275576,0.4385260959133849,0.44047619047619047,0.023809523809523808,0.4880952380952381,0.047619047619047616,0.5595238095238095,-87.70975897482215,41.93921013197719,Latino & white,$50-75K,Latino & white ($50-75K),
LOGAN SQUARE,2,6,108,65,45,43,54,21,18,181,0,145020,480156,9183216,5835870,3459900,3566916,5016576,2114490,1486380,15644262,0,Logan Square,73689,29818,33080,0.4837221294901546,0.04558346564616157,7.192389637530704e-4,0.033410685448303,0.41158110437107304,0.5523866148900987,0.1288113395451631,0.1929462168158519,0.10258904017707425,0.09860943168077388,0.38369441277080957,0.1723397823458283,0.015205562273276905,106959.1924341002,NA,407316.44308806764,80762.78282950423,2008-2018,bigcategory,Complaints,35,37,239,7,274,592,0.46283783783783783,4494,503,16368,0.27456011730205276,0.03073069403714565,4851,769,0.1585240156668728,6875.997700487902,364.0711410090045,17673.51254,0.3890566566734052,0.02059981795837199,0.0060701589643839295,524.6583271849219,86432.3867403315,0.01306764854523139,0.026882091118720936,0.48610982261461644,0.35911602209944754,0.03314917127071823,0.5966850828729282,0.011049723756906077,0.6408839779005525,-87.70116816423432,41.924808907371514,Latino & white,$75-120K,Latino & white ($75-120K),
HUMBOLDT PARK,0,27,79,7,18,28,36,19,12,113,0,0,2129334,6462774,646308,1293798,2117148,3108252,1731222,987996,9238416,0,Humboldt Park,56162,17141,19756,0.07138278551333642,0.3304547558847619,0.0025640112531605,0.008635732345714183,0.5711335066415014,0.16802973977695168,0.2816209431594047,0.3958320295387696,0.2904147949361181,0.1323648511844503,0.3633393617641911,0.2199838023891476,0.004707430653978538,52228.08470917683,66458.77201862725,191235.62219240417,39393.15114395627,2008-2018,bigcategory,Complaints,40,112,342,4,592,1090,0.5431192660550459,865,196,7195,0.1202223766504517,0.027241139680333565,7968,3056,0.38353413654618473,6548.233321816236,878.7751905716628,19984.29156,0.327669024551413,0.043973297123556514,0.006592380841257803,538.9659879820314,81755.89380530974,0.008158255721608549,0.02048815971732016,0.39819368035830816,0.061946902654867256,0.23893805309734514,0.6991150442477876,0,0.9380530973451328,-87.72394946581986,41.90091941429531,Black & Latino,$20-50K,Black & Latino ($20-50K),
WEST TOWN,2,11,60,107,41,53,47,23,16,180,0,172548,954492,4908408,9608238,3055236,4469070,4561206,2119326,1438848,15643686,0,West Town,83290,37135,40584,0.6247568735742586,0.0709568975867451,3.841997838876216e-4,0.04796494176972026,0.2278304718453596,0.6879741478802801,0.12182059961315281,0.1989735823658085,0.08210583007943988,0.08498423023851764,0.3971186212468022,0.13682732111176818,0.0127143701951508,126593.74175306315,189901.28375714566,467429.1854046048,96713.26882515277,2008-2018,bigcategory,Complaints,29,72,264,3,353,721,0.4895977808599168,4859,660,18660,0.26039657020364415,0.03536977491961415,7183,869,0.12098009188361408,5986.109793207,371.89089326427666,16137.174738,0.3709515383204497,0.023045601184979662,0.00484717921098694,421.26527534670794,86909.36666666667,0.01299545159194282,0.030384580728172003,0.42769889465328986,0.5944444444444444,0.06111111111111111,0.3333333333333333,0.011111111111111112,0.40555555555555556,-87.68154942821096,41.90226800084829,White,$75-120K,White ($75-120K),
AUSTIN,4,187,48,37,40,61,79,69,27,276,0,366768,15247680,3958716,3369948,2960670,4912656,6649146,6079644,2340996,22943112,0,Austin,94762,32222,37705,0.048152212912348835,0.7914142799856483,9.391950359848884e-4,0.0052763766066566764,0.14369684050568793,0.14146736927442238,0.288124919950476,0.40739928025980865,0.3220470486003352,0.1454183795252619,0.40978213642852707,0.27749635326879724,0.002121734517968439,50480.58779715722,NA,171368.90013034572,36370.554011404325,2008-2018,bigcategory,Complaints,71,351,479,8,1372,2281,0.6014905743095134,2213,403,17942,0.12334187938914279,0.02246126407312451,14543,3584,0.24644158701780924,8842.39216465827,1580.5981901968003,30149.6021,0.29328387603026673,0.05242517579350741,0.00856557631431941,712.0325243622369,83127.21739130435,0.019926359107645657,0.03456961986988877,0.576412444876264,0.13405797101449277,0.677536231884058,0.17391304347826086,0.014492753623188406,0.8659420289855072,-87.75805350782073,41.89454185383168,Black,$20-50K,Black ($20-50K),
WEST GARFIELD PARK,0,33,0,0,5,8,10,7,3,33,0,0,2909064,0,0,422616,699024,872406,637308,277710,2909064,0,West Garfield Park,16943,5332,7349,0.021129670070235494,0.9373192468866198,8.262999468807177e-4,0.0032461783627456765,0.026382576875405774,0.05589369040373301,0.42230933713471136,0.5639590970480417,0.4054763690922731,0.2744591100830045,0.24587396849212304,0.1134848278677371,0.003129677507143829,37502.06301575394,NA,147055.55138784696,24945.49666621309,2008-2018,bigcategory,Complaints,18,86,185,1,421,711,0.5921237693389592,274,36,2288,0.11975524475524475,0.015734265734265736,6047,2788,0.46105506862907225,1965.4767165650617,459.82821500724566,7316.93163,0.2686203474290304,0.06284440504021023,0.0061890472618154535,545.5858964741185,88153.45454545454,0.0023824994585228505,0.006180885475776423,0.38546248233527874,0,1,0,0,1,-87.73045978191362,41.87833701431778,Black,$20-50K,Black ($20-50K),
EAST GARFIELD PARK,0,41,3,6,6,9,18,13,4,50,0,0,3491766,215100,510204,431616,624264,1556016,1238490,366684,4217070,0,East Garfield Park,19738,6722,8347,0.059479177221603,0.8769885500050664,0,0.006332961799574425,0.03556591346640997,0.15926479641192506,0.4569803516028956,0.5708661417322834,0.41282356441535256,0.19468072361327424,0.22180898542100566,0.13214328501257938,0.004073319755600814,37996.22136268968,NA,170995.99821481702,24209.886066850366,2008-2018,bigcategory,Complaints,23,175,287,6,523,1014,0.5157790927021696,390,48,3176,0.12279596977329975,0.015113350125944584,4755,1402,0.29484752891692956,1662.7490821302056,444.48318464221666,6206.59803,0.26790023682751785,0.07161462406519287,0.007438262421898245,627.3534662302886,84341.4,0.003609847664428561,0.00720051452050257,0.5013319054006444,0.12,0.82,0.06,0,0.88,-87.70605531636633,41.87865787271377,Black,$20-50K,Black ($20-50K),
NEAR WEST SIDE,5,43,38,107,33,46,66,35,13,193,0,381000,3459108,3280152,10050744,2540274,3751806,6259104,3501180,1118640,17171004,0,Near West Side,62733,28208,31509,0.41349847767522674,0.2808091435129836,2.3910860312754053e-4,0.1858352063507245,0.09388997816141424,0.6737278217311924,0.2382556680475102,0.270446735395189,0.09011627906976744,0.10476371830270716,0.35188598979013047,0.12342505315941477,0.040845472722079404,114488.53516732842,NA,365281.34926262056,85072.55539687074,2008-2018,bigcategory,Complaints,17,208,239,1,489,954,0.5125786163522013,2341,367,11163,0.20971065125862223,0.03287646689957897,9311,1641,0.17624315325958545,2702.7351667795065,390.71676644295957,9014.305337,0.299827337297517,0.0433440794199891,0.006842030629608622,608.7281622234827,88968.93264248705,0.013934011984694246,0.02288529118526131,0.608863215761401,0.5544041450777202,0.22279792746113988,0.19689119170984457,0.025906735751295335,0.44559585492227977,-87.66349468638926,41.873385985755164,Black & white,$75-120K,Black & white ($75-120K),
NORTH LAWNDALE,0,64,8,7,19,14,25,15,7,80,1,0,5290662,752940,621270,1385358,1114950,2204256,1451976,595338,6751878,87006,North Lawndale,33854,11194,14566,0.030040763277603827,0.8738996868907662,0.0025403201984994387,0.0016541619897205647,0.08832043480829443,0.12374716696046335,0.40613015340364333,0.5343664347459414,0.4368411649097731,0.23149800906219964,0.24450598534929427,0.13442262803789648,0.0015790196347658931,39178.0596748258,NA,144243.08558156155,28896.578195798436,2008-2018,bigcategory,Complaints,38,157,572,7,673,1447,0.46510020732550106,603,93,5313,0.11349520045172219,0.017504234895539244,8941,3640,0.407113298288782,3993.2844145461127,1190.7699234275542,14300.50535,0.2792407902246694,0.08326768140592698,0.007146685724495266,603.1693764516706,84398.475,0.005775756263085698,0.012350097202203566,0.46766889106388243,0.0875,0.8,0.1,0,0.9,-87.71390274962893,41.858297740511375,Black,$20-50K,Black ($20-50K),
UPTOWN,7,17,16,55,20,25,22,15,13,95,0,549852,1397244,1348704,4805730,1543056,2054220,2009706,1333284,1161264,8101530,0,Uptown,58424,29742,32892,0.5407880323154868,0.17518485553881966,0.0031151581541832125,0.09937696836916336,0.15142749554977405,0.548424180639004,0.22125398884875688,0.2752504738694828,0.06949768004841637,0.09576796789492886,0.31352968865577296,0.060987474157849934,0.003617901009363979,76443.79665120032,87419.07758725526,278845.2256068859,52862.50109449106,2008-2018,bigcategory,Complaints,34,29,94,2,311,470,0.6617021276595745,4765,519,15935,0.29902729839974895,0.032569814872921245,3316,623,0.18787696019300362,3388.724375058779,176.3220136988153,8710.89046,0.38902158058577846,0.020241560206557263,0.003194136238316186,272.393584829534,85279.26315789473,0.006858710562414266,0.021313347874447365,0.3218035290756547,0.5789473684210527,0.17894736842105263,0.16842105263157894,0.07368421052631578,0.42105263157894735,-87.65593083532224,41.96614612533648,White,$50-75K,White ($50-75K),
SOUTH LAWNDALE,0,2,145,3,48,33,36,15,18,150,0,0,124548,11957664,242106,3620898,2712246,3177246,1186680,1627248,12324318,0,South Lawndale,74943,17946,20830,0.040804344635256125,0.1217458601870755,2.4018253872943438e-4,0.001494469129872036,0.8318989098381436,0.07960865321317503,0.3128443736990327,0.4651340629928786,0.22589992198818679,0.13845415266442632,0.3642594450016717,0.20667306769083052,2.880460873739798e-4,44497.01883428062,48377.85405664906,155074.60715479773,33388.46178588574,2008-2018,bigcategory,Complaints,18,85,289,3,224,619,0.36187399030694667,336,357,5540,0.06064981949458484,0.06444043321299639,4609,1231,0.2670861358212194,8851.232661915103,457.079877297959,22905.71946,0.3864201985609712,0.01995483608782306,0.008358408559010365,686.7445670344366,82162.12,0.010829542993285684,0.027339556171345834,0.3961126115366847,0.02,0.013333333333333334,0.9666666666666667,0,0.98,-87.71323423821701,41.837962174140905,Latino,$20-50K,Latino ($20-50K),
LOWER WEST SIDE,3,2,90,19,40,23,24,16,11,114,0,231150,124344,7515516,1553628,2993652,1967634,2147274,1435122,880956,9424638,0,Lower West Side,32789,12259,13826,0.18002988807221934,0.03510323584128824,9.149409863063833e-4,0.033181859770044835,0.7403397480862485,0.31275375110326564,0.20583834620904456,0.3150984682713348,0.1651031894934334,0.11333719079994214,0.30051390814911494,0.1372775929408361,0.004556632431650514,59438.069989395546,62873.947634890785,250261.73423607147,46964.74960219875,2008-2018,bigcategory,Complaints,5,26,112,2,109,254,0.42913385826771655,935,397,6680,0.13997005988023953,0.0594311377245509,2140,408,0.19065420560747665,4774.060177957231,224.31538545401907,12014.81255,0.39734787023017104,0.018669903048468207,0.009299290317317889,768.793376294967,82672.26315789473,0.00823045267489712,0.011961580231672852,0.6880740266326897,0.16666666666666666,0.017543859649122806,0.7894736842105263,0.02631578947368421,0.8333333333333334,-87.67147387501018,41.847576248560344,Latino,$20-50K,Latino ($20-50K),
NEAR SOUTH SIDE,3,24,7,54,13,19,32,19,6,89,1,229074,2135940,653754,4970472,974490,1670256,3041214,1824774,597150,8107884,118644,Near South Side,24343,13942,15010,0.47492092182557616,0.24561475578194963,3.697161401634967e-4,0.205685412644292,0.04070985498911391,0.7325859491778774,0.10150687199867528,0.21239489255683588,0.06900014345144169,0.07115256495669553,0.5601778797876918,0.108927381745503,0.0037974683544303796,147263.73547554153,251085.9560293138,400589.29852245015,98875.408727515,2008-2018,bigcategory,Complaints,8,194,83,2,279,566,0.4929328621908127,1573,272,7081,0.22214376500494282,0.03841265358000282,1917,288,0.15023474178403756,502.84344083933735,144.60069407278735,1758.9251000000002,0.28588109910952847,0.08220969390498056,0.006383589155071008,581.5438244154353,91099.82022471911,0.006425528842682839,0.008880440012797348,0.7235597372904038,0.6067415730337079,0.2696629213483146,0.07865168539325842,0.033707865168539325,0.38202247191011235,-87.6215518271862,41.85659629488425,Asian & white,$75-120K,Asian & white ($75-120K),
ARMOUR SQUARE,8,0,3,18,6,7,5,7,4,29,0,582546,0,273468,1566594,410346,559434,467520,665718,319590,2422608,0,Armour Square,13719,5451,5806,0.12194766382389387,0.10153801297470662,5.102412712296814e-4,0.7291347765872148,0.04242291712223923,0.2258653846153846,0.33865442087615716,0.40706401766004413,0.16419005687029903,0.06114364450568378,0.37534397358282884,0.18618670341026525,0,45484.53494771601,NA,262722.39955971384,29846.994488460212,2008-2018,bigcategory,Complaints,0,28,26,1,86,141,0.6099290780141844,151,132,2039,0.07405590975968612,0.06473761647866601,1026,165,0.1608187134502924,852.9976218585805,74.12708087201176,1944.92549,0.4385759897972135,0.038113069756729734,0.005320124747752706,444.4336818932306,83538.20689655172,0.0020937116453685653,0.005004755228836495,0.418344464341628,0.6206896551724138,0,0.10344827586206896,0.27586206896551724,0.3793103448275862,-87.63312782701738,41.84061764768592,Asian,$20-50K,Asian ($20-50K),
NORWOOD PARK,23,3,113,824,93,250,402,192,28,965,2,2190504,235044,10276656,79436754,7230636,22204446,40441434,19791726,2644794,92313036,174078,Norwood Park,42525,16971,17938,0.8087007642563198,0.006631393298059965,3.527336860670194e-4,0.03508524397413286,0.1272663139329806,0.4122460585763483,0.06014392603536196,0.06081482361325573,0.08414353897825702,0.05390790500613223,0.7879323551941547,0.7234920280967778,8.362136247073252e-4,104732.30805491722,260237.34530047944,331419.68652407045,82529.75220202921,2008-2018,bigcategory,Complaints,4,6,21,1,108,140,0.7714285714285715,1120,2763,13053,0.08580402972496744,0.21167547690186164,1143,140,0.12248468941382328,914.6926763640781,8.253522500493968,1883.7924699999999,0.48555915310781456,0.00438133320518792,0.05686170526191739,5439.4576630722995,95661.17720207253,0.06967005992347124,0.015513318471191194,4.490983670118751,0.8538860103626943,0.0031088082901554403,0.11709844559585492,0.02383419689119171,0.14404145077720207,-87.80057786543591,41.985630626656516,White,$75-120K,White ($75-120K),Cop neighborhood
NEAR NORTH SIDE,6,10,9,65,24,22,19,16,10,91,1,551010,884202,768780,5806020,1800720,1945254,1798620,1599804,977058,8121456,111444,Near North Side,89995,55848,66764,0.710061670092783,0.08132674037446525,0.0018334351908439357,0.12469581643424635,0.058269903883549086,0.8062678817420791,0.09996702259520804,0.09066427289048475,0.03326887265434751,0.16350128811934575,0.4278935682566967,0.0504463483314361,0.02854831945359775,153978.74588167886,NA,480582.0118894141,100481.15810916062,2008-2018,bigcategory,Complaints,27,237,221,6,703,1194,0.5887772194304858,3768,767,19902,0.18932770575821525,0.03853884031755603,12463,2173,0.17435609403835353,1656.3270166594405,272.95723444786944,5269.151577,0.31434415815429495,0.051802881442875114,0.0016294227188081937,145.42071336484744,89246.76923076923,0.006569922749259981,0.03283059602151326,0.2001158536675617,0.7142857142857143,0.10989010989010989,0.0989010989010989,0.06593406593406594,0.27472527472527475,-87.6341093070898,41.89904428126346,White,$75-120K,White ($75-120K),
LOOP,5,6,2,32,9,8,17,7,4,45,0,380988,549870,171060,2973072,717360,602628,1697268,708492,349242,4074990,0,Loop,37647,20195,24389,0.6228384731851143,0.0893298270778548,0.004568757138683029,0.17419714718304247,0.08250325391133424,0.8033238101874434,0.11675066706196265,0.1429872495446266,0.028472394156969547,0.17196277010127517,0.4,0.044118250030751566,0.051375620156627985,146763.69893538003,191467.49354217065,421610.705620203,109856.30370248883,2008-2018,bigcategory,Complaints,21,281,155,3,446,906,0.4922737306843267,1718,250,6830,0.25153733528550515,0.036603221083455345,10362,1745,0.1684037830534646,99.19918885262446,9.873528665559332,257.9413984,0.3845803328506125,0.038278185381658114,0.0022282743253280515,201.78212428819015,90555.33333333333,0.003248862897985705,0.013733801304760372,0.23655962583786566,0.7111111111111111,0.13333333333333333,0.044444444444444446,0.1111111111111111,0.28888888888888886,-87.62719987378128,41.87893750836032,White,$75-120K,White ($75-120K),
SOUTH SHORE,0,114,2,4,16,20,31,37,16,120,0,0,9900822,152526,282984,1158660,1602198,2728032,3473232,1374210,10336332,0,South Shore,49410,21703,27806,0.026391418741145516,0.9349321999595224,0.002185792349726776,0.0017607771706132363,0.02289010321797207,0.228990377272033,0.353733498349835,0.516414454643182,0.29014421969313,0.2194850032367115,0.20504077777265817,0.1564410558872186,0.0012587211393224483,47461.85320001843,NA,167846.53273740958,29529.969826656117,2008-2018,bigcategory,Complaints,14,607,201,1,398,1221,0.32596232596232594,1453,166,9794,0.14835613641004697,0.01694915254237288,8627,1787,0.20714037324678336,3967.1801413395783,783.8935103158669,13321.29661,0.29780735745809495,0.05884513597027902,0.005529189512970557,476.2628208081832,86136.1,0.008663634394628547,0.018024998604622148,0.4806454959950417,0.03333333333333333,0.95,0.016666666666666666,0,0.9666666666666667,-87.57530452200514,41.762661439090635,Black,$20-50K,Black ($20-50K),
CHATHAM,1,95,0,1,8,20,26,33,10,97,0,93354,8176008,0,56004,524688,1478340,2311854,3097716,912768,8325366,0,Chatham,30653,13672,16661,0.01960656379473461,0.9528594264835416,3.914788112093433e-4,0.00593742863667504,0.012592568427233875,0.2167165553764679,0.27005513326591196,0.385943653438352,0.26214160327677005,0.17940099633875517,0.36812463428905795,0.3494988296020647,0.006422183542404417,46220.20918665887,NA,154579.51287302517,34416.937338695156,2008-2018,bigcategory,Complaints,19,302,148,8,330,807,0.40892193308550184,1188,172,8138,0.1459818137134431,0.021135414106660113,6349,1370,0.21578201291541976,2083.2995982712237,282.1491489050071,6750.71706,0.3086041941552241,0.04179543393646647,0.007094792276184904,608.9354885898186,85828.51546391753,0.007003104468991409,0.011182357462608433,0.6262636919279668,0.010309278350515464,0.979381443298969,0,0.010309278350515464,0.9896907216494846,-87.61416975825006,41.73694775012463,Black,$20-50K,Black ($20-50K),
AVALON PARK,0,51,0,2,5,9,12,17,10,53,0,0,4599252,0,164070,370368,762630,1072872,1612740,944712,4763322,0,Avalon Park,9785,3905,4530,0.006336228921819111,0.9621870209504343,0,0.008175779253960144,0.005620848237097598,0.26669570267131243,0.16745283018867924,0.15764075067024128,0.24327784891165172,0.13796909492273732,0.6647887323943662,0.645916114790287,0.0033112582781456954,57079.590268886044,94421.74392935983,162935.10883482714,43332.2646799117,2008-2018,bigcategory,Complaints,2,95,19,1,68,185,0.3675675675675676,492,48,3254,0.15119852489244007,0.014751075599262446,1188,277,0.23316498316498316,515.04433293672,91.1656426431168,1702.1868,0.3025780325265829,0.05355795418171307,0.01357234314980794,1219.8007682458388,89874,0.003826438524294275,0.0035696136682094254,1.0719475214844962,0.03773584905660377,0.9622641509433962,0,0,0.9622641509433962,-87.58845698517541,41.746831039987946,Black,$20-50K,Black ($20-50K),
SOUTH CHICAGO,0,50,15,7,10,18,19,17,8,72,0,0,4130256,1303032,576864,727392,1484142,1699680,1406220,692718,6010152,0,South Chicago,29021,10491,14085,0.022363116364012267,0.7647565555976706,0,0.003790358705764791,0.20402467178939387,0.151392632524708,0.29150512323456107,0.4058138045844538,0.30054332284815555,0.2551650692225772,0.3907158516823944,0.34263400780972664,3.549875754348598e-4,46219.988561624246,NA,137438.40434658277,33611.127724529644,2008-2018,bigcategory,Complaints,17,231,165,6,343,762,0.45013123359580054,657,123,4990,0.1316633266533066,0.024649298597194388,4194,1157,0.27587029089175014,3348.1305329260776,363.44398398248467,10127.25846,0.33060581460918675,0.03588769709176403,0.006863025450386045,572.8864741206748,83474.33333333333,0.005198180636777128,0.01058699624579517,0.4909967394048794,0.09722222222222222,0.6944444444444444,0.20833333333333334,0,0.9027777777777778,-87.5489423320664,41.73900941994006,Black,$20-50K,Black ($20-50K),
BURNSIDE,0,5,0,0,1,1,2,1,0,5,0,0,455040,0,0,103932,87006,174078,90024,0,455040,0,Burnside,2336,1046,1324,0.004280821917808219,0.9696061643835616,0,0,0.015839041095890412,0.13394390383514596,0.17722602739726026,0,0.1931166347992352,0.20996978851963746,0.4655831739961759,0.547583081570997,0,39222.08413001912,40183.98791540785,98300,25287,2008-2018,bigcategory,Complaints,0,7,5,1,34,47,0.723404255319149,93,13,641,0.14508580343213728,0.0202808112324493,414,105,0.2536231884057971,224.81211455237082,47.77503177328597,786.00061,0.28602028,0.060782436,0.004780114722753346,435.0286806883365,91008,3.6098476644285613e-4,8.521837024974163e-4,0.4235997067122398,0,1,0,0,1,-87.5967337102594,41.729457148535886,Black,$20-50K,Black ($20-50K),
MCKINLEY PARK,4,1,23,18,10,14,10,6,6,46,0,331380,100980,1933008,1470978,709290,1109472,956268,551982,509334,3836346,0,Mckinley Park,15920,5243,5601,0.1707286432160804,0.009798994974874372,0,0.24685929648241206,0.5640075376884423,0.21293103448275863,0.2262902514336127,0.38161483906164756,0.17356475300400534,0.06391715765041957,0.5784855998474157,0.3935011605070523,0.0033922513836814857,61408.20141140569,130842.13533297625,220870.49399198932,45800.903053026246,2008-2018,bigcategory,Complaints,3,1,37,0,87,128,0.6796875,226,171,2224,0.10161870503597123,0.07688848920863309,836,141,0.1686602870813397,1413.2402973454791,47.833638271475536,3256.25927,0.4340073010665023,0.014689751123986985,0.008773602899103566,731.7081823383559,83398.82608695653,0.0033210598512742762,0.005807690301266638,0.571838317644101,0.391304347826087,0.021739130434782608,0.5,0.08695652173913043,0.6086956521739131,-87.67237782364933,41.8309835504589,Latino,$20-50K,Latino ($20-50K),
LAKE VIEW,6,8,26,112,40,46,42,15,9,152,0,562080,597300,2218212,9946698,3164118,3979680,3978444,1490928,711120,13324290,0,Lake View,100547,52749,57714,0.7837628173888828,0.03598317204889256,0.0023173242364267457,0.06791848588222424,0.0812356410434921,0.8056555744602276,0.084819469379613,0.03377272335659516,0.02208572674363495,0.08602765360224555,0.37619670515080855,0.09867623107045084,0.010933222441695256,129254.31572162505,189859.1797484146,424429.49250222754,91953.43746751221,2008-2018,bigcategory,Complaints,31,71,161,3,370,636,0.5817610062893082,7491,792,25625,0.2923317073170732,0.03090731707317073,5853,832,0.14214932513241074,1357.392175062876,58.765558211053424,3369.899151,0.40279904953834506,0.017438372953568967,0.002881571214620182,252.5979639424444,87659.80263157895,0.010973936899862825,0.036680014869438234,0.2991802740245425,0.7368421052631579,0.05263157894736842,0.17105263157894737,0.039473684210526314,0.2631578947368421,-87.65749328485359,41.946986526380655,White,$75-120K,White ($75-120K),
CALUMET HEIGHTS,0,97,2,0,10,10,40,26,13,99,0,0,8766642,186708,0,783474,860286,3656532,2437536,1215522,8953350,0,Calumet Heights,12956,5248,6055,0.013275702377276937,0.9443501080580426,7.718431614695894e-4,0.001157764742204384,0.03535041679530719,0.2556345177664975,0.14731797804915753,0.23621621621621622,0.28029725609756095,0.13327828241123038,0.7301829268292683,0.77175887696118906,0,63392.41615853659,100692.79933938893,159136.37576219512,47847.78497109826,2008-2018,bigcategory,Complaints,1,65,28,0,72,166,0.43373493975903615,752,107,5074,0.14820654316121404,0.021087899093417423,1565,388,0.24792332268370607,690.89981785754685,68.35864871310898,2067.69574,0.334139982247846,0.033060303501475985,0.018864329268292682,1706.049923780488,90437.87878787878,0.007147498375568551,0.004726409267789608,1.512247029532254,0,0.9797979797979798,0.020202020202020204,0,1,-87.57308226487041,41.72974780723354,Black,$20-50K,Black ($20-50K),
ROSELAND,0,153,1,4,16,33,45,54,10,158,0,0,13365504,48078,347514,1134744,2568258,4144842,5165274,747978,13761096,0,Roseland,41106,14164,17801,0.011920400914708315,0.9594706368899917,6.568384177492337e-4,0.0036247749720235488,0.012966476913345983,0.19888219496261886,0.2710222791798107,0.38681618109411026,0.3508189776899181,0.20431436436155273,0.5396780570460322,0.6732206055839559,8.426492893657659e-4,55524.774075120025,64043.39082074041,131246.08867551538,38787.542272906016,2008-2018,bigcategory,Complaints,11,489,148,2,421,1071,0.3930905695611578,1452,234,10170,0.14277286135693215,0.023008849557522124,6545,1646,0.25148968678380446,3331.536007676964,598.1765382315489,11391.97266,0.29244592724268037,0.052508600229694453,0.011155040948884497,971.5543631742446,87095.54430379746,0.011407118619594253,0.014995660648484073,0.7606946360677621,0.02531645569620253,0.9683544303797469,0.006329113924050633,0,0.9746835443037974,-87.619381152943,41.71200868531206,Black,$20-50K,Black ($20-50K),
NORTH CENTER,0,2,17,58,4,33,21,16,3,77,0,0,137730,1515678,5463252,316884,2858478,2024616,1663638,253044,7116660,0,North Center,35705,14260,16163,0.7753255846520095,0.016552303598935725,0.0010362694300518134,0.04976893992438034,0.11412967371516594,0.7361237849633009,0.046151254842513055,0.026741573033707864,0.07201963534361851,0.1177380436800099,0.5692847124824685,0.32611520138588135,0.02388170512899833,174018.38008415146,341342.33743735694,573577.4894810659,115807.54129802635,2008-2018,bigcategory,Complaints,7,20,65,2,187,281,0.6654804270462633,2937,461,10205,0.2878000979911808,0.04517393434590887,1253,124,0.09896249002394254,1038.2079678300224,29.29256561675078,2548.634683,0.407358486783185,0.011493434430653857,0.005399719495091164,499.06451612903226,92424.15584415584,0.005559165403219984,0.013025350641125963,0.42679583501326973,0.7532467532467533,0.025974025974025976,0.22077922077922077,0,0.24675324675324675,-87.68496324373564,41.94685867743995,White,$75-120K,White ($75-120K),
PULLMAN,0,32,1,7,5,12,14,6,3,40,0,0,2863218,84054,705252,465612,1052052,1165776,522090,446994,3652524,0,Pullman,6816,3067,3516,0.09903169014084508,0.8349471830985915,0,7.335680751173709e-4,0.0443075117370892,0.23923639317627945,0.22016582765768433,0.3951612903225806,0.26475383110531464,0.1277019340159272,0.4704923377893707,0.7474402730375427,0,52514.50929246821,57948.94766780432,128568.79686990545,40028.36916951081,2008-2018,bigcategory,Complaints,6,368,62,0,218,654,0.3333333333333333,249,67,1737,0.14335060449050085,0.03857225100748417,1093,335,0.30649588289112534,558.3615677463986,40.703288375634834,1766.89307,0.3160132196038318,0.023036644982503005,0.013042060645582002,1190.910987936094,91313.1,0.002887878131542849,0.0024865086113965706,1.16141891417816,0.175,0.8,0.025,0,0.825,-87.59839227012247,41.70396955950552,Black,$20-50K,Black ($20-50K),
SOUTH DEERING,0,19,16,5,6,7,9,12,6,40,0,0,1582710,1352064,419268,516018,495180,742944,1115640,484260,3354042,0,South Deering,14697,5206,5927,0.046880315710689256,0.6372729128393549,0,6.804109682248077e-5,0.31196842893107435,0.14136504653567736,0.29249093024847694,0.42896249657815494,0.36995774106799845,0.12164670153534672,0.5620437956204379,0.7496203813058883,0,47073.972339608146,57454.47950059052,109337.70649250865,33171.42146111017,2008-2018,bigcategory,Complaints,5,136,104,1,244,490,0.49795918367346936,360,158,3594,0.1001669449081803,0.0439621591541458,1862,493,0.2647690655209452,1193.328342078318,183.22850487182345,3572.29907,0.33405051444315886,0.0512914795993896,0.00768344218209758,644.2646945831733,83851.05,0.002887878131542849,0.0053615341933238555,0.5386290616478422,0.125,0.475,0.4,0,0.875,-87.57197441944149,41.691455013060946,Black,$20-50K,Black ($20-50K),
EAST SIDE,0,0,89,31,21,22,42,22,13,120,0,0,0,7504170,2948388,1607784,1783284,3806046,2086734,1168710,10452558,0,East Side,24230,6906,7905,0.14585224927775484,0.03314073462649608,0,0.0019397441188609163,0.8170862567065621,0.11752316764953664,0.19301941346551013,0.30243243243243245,0.1930205618302925,0.12637571157495256,0.6666666666666666,0.6433902593295383,0,60847.03156675355,84302.98545224541,122417.46307558645,46270.10423782416,2008-2018,bigcategory,Complaints,1,19,47,0,76,143,0.5314685314685315,198,220,3471,0.05704407951598963,0.0633823105733218,997,251,0.25175526579739216,1674.0759249500452,56.09387709023647,3995.02271,0.41904040263892395,0.014040940731031905,0.01737619461337967,1513.5473501303215,87104.65,0.008663634394628547,0.008839217085407703,0.9801359454030133,0.25833333333333336,0,0.7416666666666667,0,0.7416666666666667,-87.53502181244995,41.707871726567376,Latino,$20-50K,Latino ($20-50K),
WEST PULLMAN,0,87,3,5,9,12,29,29,16,95,0,0,7706688,244860,428346,621972,935010,2581224,2819256,1422432,8379894,0,West Pullman,30468,10398,12937,0.00892739923854536,0.9237560719443351,5.907837731390311e-4,6.236050938689773e-4,0.05185768675331495,0.16467470120518077,0.24394730790709898,0.376956879978028,0.30678976726293516,0.19625879261034243,0.6504135410655896,0.7339414083636082,5.410837133802272e-4,55650.66358915176,97645.70611424596,108597.64377764954,42499.8347375744,2008-2018,bigcategory,Complaints,14,236,85,1,247,583,0.4236706689536878,806,130,6101,0.1321094902475004,0.021307982297983936,3797,840,0.22122728469844613,2655.619227408305,382.8237090830669,8950.23076,0.296709581978231,0.04277249596669247,0.009136372379303712,805.9140219272937,88209.41052631578,0.006858710562414266,0.01111486859918291,0.61707527184968,0.05263157894736842,0.9157894736842105,0.031578947368421054,0,0.9473684210526315,-87.63835730897287,41.67134843494793,Black,$20-50K,Black ($20-50K),
RIVERDALE,0,10,1,0,1,3,2,5,0,11,0,0,815976,72510,0,68616,195858,180360,443652,0,888486,0,Riverdale,7262,2560,3242,0.018039107683833655,0.952905535665106,0,0.003029468465987331,0.026025888185072982,0.039776075427224514,0.5785763648928818,0.6776315789473685,0.539453125,0.21036397285626157,0.078515625,0.7532387415175817,0,29842.8515625,NA,65875.46875,13864.816779765577,2008-2018,bigcategory,Complaints,1,69,17,0,32,119,0.2689075630252101,75,9,636,0.1179245283018868,0.014150943396226415,1390,334,0.24028776978417266,1212.2584809422701,270.1878569520138,4117.4026,0.2944231105654497,0.06562094679592756,0.004296875,347.06484375,80771.45454545454,7.941664861742835e-4,0.0026492114929521564,0.29977466438109923,0,0.9090909090909091,0.09090909090909091,0,1,-87.60527443107087,41.66546571332331,Black,$20-50K,Black ($20-50K),
HEGEWISCH,0,2,45,68,11,25,46,25,8,115,0,0,180048,4039572,6380358,866964,2138178,4470834,2389458,734544,10599978,0,Hegewisch,9205,3458,3956,0.3916349809885932,0.049972840847365564,0,0,0.5561108093427485,0.16104392106938256,0.19379590047133619,0.28054535920293655,0.15384615384615385,0.12588473205257836,0.742914979757085,0.7171385237613751,0,66676.54713707346,94525.25278058645,141618.62348178137,51349.56420626896,2008-2018,bigcategory,Complaints,0,13,32,1,72,118,0.6101694915254238,116,250,2066,0.05614714424007745,0.12100677637947725,495,65,0.13131313131313133,414.88907644373296,11.24075197856095,970.43943,0.4275270188101621,0.011583156692799416,0.03325621746674378,3065.3493348756506,92173.72173913043,0.00830264962818569,0.0033580269612537316,2.4724785488577092,0.591304347826087,0.017391304347826087,0.391304347826087,0,0.40869565217391307,-87.5356617282136,41.66822378291382,Latino & white,$50-75K,Latino & white ($50-75K),
GARFIELD RIDGE,1,6,208,405,66,179,248,112,16,621,1,80016,540618,18296634,38339328,4952046,15670542,24038964,11180100,1487454,57329106,72510,Garfield Ridge,36462,12253,12920,0.4299544731501289,0.04547199824474796,0,0.011573693160002193,0.503345949207394,0.2123670736510437,0.0708347189890256,0.0789787640181341,0.12135803476699583,0.05162538699690403,0.8247776054843712,0.8413312693498453,0,NA,NA,210544.07900106098,75349.39078947369,2008-2018,bigcategory,Complaints,2,48,95,3,278,426,0.6525821596244131,564,2820,10609,0.05316240927514375,0.2658120463757187,1833,343,0.18712493180578288,1565.6721159695853,112.00576032366602,3832.67195,0.4085066857782037,0.029223936142947486,0.05068146576348649,4678.781196441688,92317.40096618357,0.04483430799220273,0.013301507774169859,3.3706184857679276,0.6521739130434783,0.00966183574879227,0.33494363929146537,0.001610305958132045,0.3462157809983897,-87.74548643629629,41.80337323949922,Latino & white,$75-120K,Latino & white ($75-120K),Cop neighborhood
ARCHER HEIGHTS,2,2,22,9,7,11,7,3,7,35,0,141126,165864,1835352,816360,524940,852216,668112,308058,605376,2958702,0,Archer Heights,13082,3936,4364,0.16327778627121237,0.00940223207460633,0,0.04968659226417979,0.7742699892982724,0.13830584707646176,0.17497893204627288,0.2668219461697723,0.15548780487804878,0.09807516040329972,0.569359756097561,0.4922089825847846,0,58483.15548780488,96680.08707607699,184314.837398374,44209.401466544456,2008-2018,bigcategory,Complaints,0,5,26,0,34,65,0.5230769230769231,107,175,1739,0.06152961472110408,0.10063254744105808,805,109,0.13540372670807455,881.1496622690337,25.540222307431044,1975.19311,0.44610810852263133,0.012930493822667822,0.008892276422764227,751.702743902439,84534.34285714285,0.002526893365099993,0.004772374655852397,0.5294834432165223,0.2571428571428571,0.05714285714285714,0.6285714285714286,0.05714285714285714,0.7428571428571429,-87.72619672584082,41.810883532848905,Latino,$20-50K,Latino ($20-50K),
BRIGHTON PARK,2,1,96,17,30,32,34,11,9,116,0,141126,76266,8010936,1457082,2340996,2645850,3005346,972480,720738,9685410,0,Brighton Park,45031,12492,14079,0.06833070551397925,0.011258910528302725,9.993115853523128e-4,0.08036685838644489,0.8312495836201728,0.0982864772642979,0.22613479442291415,0.32962017482787964,0.17419148254883124,0.1127210739399105,0.49135446685878964,0.2858867817316571,4.261666311527807e-4,55207.26865193724,81096.83926415228,177242.12295869357,41417.556857731375,2008-2018,bigcategory,Complaints,6,18,95,1,188,308,0.6103896103896104,249,321,4449,0.055967633175994604,0.07215104517869184,2303,454,0.1971341728180634,4514.825621838127,181.40187648125163,11084.60156,0.4073060810891363,0.016365213986207695,0.009285943003522255,775.3290105667627,83494.91379310345,0.008374846581474261,0.016427518967106657,0.5098059298086024,0.14655172413793102,0.008620689655172414,0.8275862068965517,0.017241379310344827,0.853448275862069,-87.69921274027334,41.81944112823516,Latino,$20-50K,Latino ($20-50K),
BRIDGEPORT,24,1,33,90,29,33,48,31,7,148,0,1917708,87006,2581770,8611350,2083704,2838426,4541418,3155868,578418,13197834,0,Bridgeport,33888,12878,13950,0.33401203966005666,0.025761331444759207,4.1312559017941453e-4,0.3934726156751652,0.23421270066100094,0.31764470258361704,0.1744894939331163,0.21149203283437953,0.13045503960242275,0.07684587813620072,0.45822332660350984,0.31060931899641575,0.004874551971326165,68891.42724025469,141413.2258064516,295700.3804938655,50792.135197132615,2008-2018,bigcategory,Complaints,4,31,78,0,206,319,0.64576802507837,740,454,6697,0.11049723756906077,0.06779154845453188,1444,267,0.18490304709141275,2346.7989322612757,67.69496479759756,5198.41708,0.4514449102766636,0.013022226527002247,0.011492467774499146,1024.8356887715483,89174.55405405405,0.010685149086708541,0.012362500560887175,0.8643194015711121,0.6081081081081081,0.006756756756756757,0.22297297297297297,0.16216216216216217,0.3918918918918919,-87.6496567079467,41.836591191845955,Asian & white,$50-75K,Asian & white ($50-75K),
NEW CITY,1,12,44,48,21,27,28,18,11,105,0,93354,962610,3614064,4157328,1590132,2146614,2446674,1615002,1028934,8827356,0,New City,39542,12493,15617,0.11729300490617571,0.2357240402609883,7.586869657579282e-4,0.02058570633756512,0.6171159779474988,0.0758096996140292,0.29109178546836345,0.4473542600896861,0.219883134555351,0.2000384196708715,0.35131673737292884,0.2512006147147339,0,44206.05138877771,43450.17609015816,134145.90570719604,34614.359159889864,2008-2018,bigcategory,Complaints,10,87,163,1,548,809,0.6773794808405439,389,560,5092,0.07639434406912804,0.10997643362136685,4031,933,0.23145621433887373,5632.187696096748,648.2133194931799,16150.80695,0.34872484783781954,0.040135042261351526,0.008404706635716,706.5841671335949,84070.05714285714,0.007580680095299978,0.014425106149038028,0.5255198829719193,0.45714285714285713,0.11428571428571428,0.41904761904761906,0.009523809523809525,0.5428571428571428,-87.65989403150337,41.80877819170286,Latino,$20-50K,Latino ($20-50K),
WEST ELSDON,0,0,46,15,25,10,17,5,4,61,0,0,0,3701640,1299144,1825488,817914,1531458,464532,361392,5000784,0,West Elsdon,19336,5191,5515,0.1478589160115846,0.015049648324369053,7.240380637153496e-4,0.021307405875051717,0.8146979726934216,0.12408633588442686,0.1099870298313878,0.11549761292691883,0.1425544211134656,0.058748866727107885,0.7362743209400886,0.7655485040797824,0,69920.07320362165,128186.60018132367,179222.96282026585,57099.66291931097,2008-2018,bigcategory,Complaints,1,5,19,0,50,75,0.6666666666666666,151,269,2449,0.06165781951817068,0.10984075132707227,860,156,0.1813953488372093,1027.024800168704,14.451936521710042,2245.97218,0.45727405232984847,0.006434601750815115,0.011751107686380274,963.3565786938933,81980.0655737705,0.004404014150602845,0.007053863044302244,0.6243407510102122,0.2459016393442623,0,0.7540983606557377,0,0.7540983606557377,-87.72448208585774,41.79591544597351,Latino,$50-75K,Latino ($50-75K),
GAGE PARK,0,3,90,11,39,25,25,6,9,104,0,0,248664,7168950,1030182,3088974,2018232,2057670,514974,767946,8447796,0,Gage Park,39302,9800,10755,0.03821688463691415,0.03824232863467508,0,0.005241463538751209,0.917815887232202,0.06504464285714286,0.18087019057892845,0.2659141837496888,0.19051020408163266,0.08879590887959089,0.5488775510204081,0.5049744304974431,0,52791.010204081635,81624.81636448164,145889.82653061225,41816.759646675964,2008-2018,bigcategory,Complaints,0,18,75,0,118,211,0.5592417061611374,202,257,3585,0.05634588563458856,0.07168758716875871,2146,453,0.21109040074557317,3918.302634487121,192.97507004732378,9664.09359,0.40544957455105946,0.019968253437343188,0.010612244897959184,862.02,81228.80769230769,0.007508483142011407,0.014337553028918431,0.5236934870871628,0.10576923076923077,0.028846153846153848,0.8653846153846154,0,0.8942307692307693,-87.6963030082332,41.7955898804679,Latino,$20-50K,Latino ($20-50K),
CLEARING,4,5,148,264,62,121,151,73,14,421,0,390408,388578,12987090,24620766,4624380,10402710,14608386,7354872,1396494,38386842,0,Clearing,25735,8880,9271,0.3878375752865747,0.016164756168641926,0.0019428793471925393,0.005478919759082961,0.5766465902467457,0.1712583767684289,0.0954607442041691,0.1397934868943606,0.1372747747747748,0.04217452270520979,0.6756756756756757,0.6280875849422932,0.004745982094703916,73665.45045045044,129389.67748894401,199650.61936936938,61954.94736274404,2008-2018,bigcategory,Complaints,4,2,22,0,97,125,0.776,282,1496,6035,0.04672742336371168,0.24788732394366197,937,136,0.14514407684098185,836.8528336384366,18.55449778472158,1850.61083,0.45220357520464555,0.010026147844774895,0.04740990990990991,4322.842567567567,91180.14726840855,0.030394917334488486,0.009388248109491014,3.2375494320139304,0.6270783847980997,0.011876484560570071,0.3515439429928741,0.009501187648456057,0.37292161520190026,-87.76917437412772,41.77840914340693,Latino & white,$50-75K,Latino & white ($50-75K),Cop neighborhood
WEST LAWN,1,9,112,29,36,29,37,35,14,151,0,90024,794172,9203160,2863302,2604606,2332794,3358038,3220194,1435026,12950658,0,West Lawn,32176,9228,9893,0.13752486325211338,0.025795624067628045,5.283441074092492e-4,0.0069617105917454,0.8269517652909001,0.11599692858971078,0.14146538844621515,0.23202959830866807,0.1604898136107499,0.06721924593146669,0.7067620286085826,0.6952390579197413,0,66446.1096662332,114264.4698271505,170460.35977459906,51769.24027089861,2008-2018,bigcategory,Complaints,8,9,27,0,84,128,0.65625,265,695,5399,0.049083163548805334,0.12872754213743287,1648,241,0.1462378640776699,1706.2754806220007,46.031752691266966,3850.7767700000004,0.443099037553922,0.011953887602595817,0.01636324230602514,1403.4089726918075,85765.94701986756,0.010901739946574255,0.011737954970700713,0.928759734875986,0.19205298013245034,0.059602649006622516,0.7417218543046358,0.006622516556291391,0.8079470198675497,-87.72736332938243,41.769587924871225,Latino,$50-75K,Latino ($50-75K),
CHICAGO LAWN,0,65,73,5,41,33,27,31,11,143,0,0,5391588,5914662,452466,3119802,2562624,2398020,2718732,959538,11758716,0,Chicago Lawn,52003,16291,19174,0.03503644020537277,0.44553198853912274,0,0.0029229082937522835,0.5002788300674961,0.08024094129396711,0.24586996425466137,0.3456488987732262,0.25204100423546744,0.15035986231354959,0.43066723958013625,0.41676228225722334,0,46036.64600085937,51512.052779805985,134009.42238045548,34471.534317304686,2008-2018,bigcategory,Complaints,28,116,210,2,669,1025,0.6526829268292683,588,236,6013,0.09778812572759023,0.03924829536005322,5517,1083,0.19630233822729745,5370.490600818792,526.6872899100164,15651.00059,0.3431403998700374,0.03365198837488616,0.008777852802160702,721.7921551777055,82228.78321678322,0.010324164320265684,0.018970937106580966,0.5442095064815886,0.03496503496503497,0.45454545454545453,0.5104895104895105,0,0.965034965034965,-87.69574781637176,41.77193065543298,Black & Latino,$20-50K,Black & Latino ($20-50K),
WEST ENGLEWOOD,0,55,2,2,10,12,19,12,6,59,0,0,4399386,152526,197040,647556,914268,1633686,1035444,517998,4748952,0,West Englewood,28237,9521,12920,0.01090767432800935,0.896979140843574,8.145341218968021e-4,1.4165810815596557e-4,0.07755781421539115,0.09214421653626559,0.3235608055219526,0.48821498273532504,0.3261212057556979,0.26308049535603717,0.47505514126667364,0.515015479876161,0,42268.46969856108,53693.28173374613,96993.77166264047,28303.556037151702,2008-2018,bigcategory,Complaints,36,379,329,5,839,1588,0.5283375314861462,575,101,5384,0.10679791976225854,0.0187592867756315,6612,1704,0.2577132486388385,3767.738793249392,872.3592416530033,13557.07045,0.27791688529946323,0.06434717919851213,0.006196828064278962,498.78710219514755,80490.71186440678,0.004259620244025702,0.010300989386737819,0.4135156424401156,0.03389830508474576,0.9322033898305084,0.03389830508474576,0,0.9661016949152542,-87.66660714698266,41.77589089703841,Black,$20-50K,Black ($20-50K),
ENGLEWOOD,0,45,1,1,7,9,13,12,6,47,0,0,3750240,68616,87006,564012,735966,1139604,957144,509136,3905862,0,Englewood,23792,9101,14098,0.007229320780094149,0.941156691324815,0.001555144586415602,0.003194351042367182,0.04308170813718897,0.08326151806430229,0.4158854826450469,0.5159471649484536,0.3298538622129436,0.35444743935309975,0.2546972860125261,0.25414952475528446,0.0024116896013618955,34609.69124272058,NA,112640.32523898473,22746.66059015463,2008-2018,bigcategory,Complaints,33,257,259,8,618,1175,0.5259574468085106,449,57,3903,0.11503971304125032,0.014604150653343582,6230,1631,0.26179775280898876,3672.0298976831623,808.7035619301184,13009.60893,0.2822552097792506,0.06216201934135451,0.005164267662894188,429.16844302823864,83103.44680851063,0.0033932568045628476,0.00867943264118944,0.39095375756010614,0.02127659574468085,0.9574468085106383,0.02127659574468085,0,0.9787234042553191,-87.64221121740016,41.775278846864204,Black,$20-50K,Black ($20-50K),
GREATER GRAND CROSSING,0,61,1,0,5,17,9,22,11,64,2,0,5118660,90024,0,440790,1325316,770916,1927578,914124,5378724,170040,Greater Grand Crossing,30805,12230,15668,0.011037169290699561,0.9617269923713683,1.9477357571822757e-4,0,0.012140886219769519,0.1716825274141346,0.3667912793198134,0.5166598107774578,0.3666394112837285,0.21942813377584885,0.3077677841373671,0.31299463875414857,0.0019785550165943326,40371.11201962388,38664.264743426094,132903.8757154538,27656.696004595353,2008-2018,bigcategory,Complaints,22,382,200,2,381,987,0.3860182370820669,1017,145,6580,0.15455927051671733,0.022036474164133738,6729,1631,0.24238371229008768,2707.208573240327,471.4759011519914,9549.48568,0.28349260514733055,0.04937186325536135,0.005233033524121014,439.79754701553554,84042.5625,0.004620605010468558,0.011237807772017511,0.41116604805912477,0,0.953125,0.015625,0,0.96875,-87.62091803081464,41.766978581023004,Black,$20-50K,Black ($20-50K),
LINCOLN PARK,0,2,9,44,7,20,20,5,3,55,0,0,185034,857124,3874920,534024,1620558,2045586,471492,245418,4917078,0,Lincoln Park,68697,32323,35372,0.7906895497619983,0.045649737251990626,3.202468812320771e-4,0.07437005982794008,0.059303899733612823,0.8430320963300867,0.09130140983505851,0.049569418189456,0.03189679175819076,0.08619812280900147,0.4445750703833184,0.19588940404839986,0.011506276150627616,170964.90115397706,333295.3437747371,553006.2370448287,111007.0459685627,2008-2018,bigcategory,Complaints,1,47,44,0,142,234,0.6068376068376068,3746,623,16010,0.23397876327295442,0.03891317926296065,4222,336,0.07958313595452392,760.1127754183129,36.07794144999083,2007.990736,0.37854396526374856,0.017967185208164642,0.0017015747300683723,152.12319401045696,89401.41818181818,0.003970832430871417,0.025060986220233308,0.15844677443960745,0.8,0.03636363636363636,0.16363636363636364,0,0.2,-87.64859836526865,41.921920196932106,White,$75-120K,White ($75-120K),
ASHBURN,2,251,66,62,45,65,113,132,26,381,0,156564,23042580,5605434,5825226,3530670,5175900,10514172,13080174,2328888,34629804,0,Ashburn,43986,13080,13728,0.10057745646342017,0.4754694675578593,5.456281544127677e-4,0.008411767380530169,0.39337516482517165,0.20517660725305842,0.11374855824682814,0.16484659386375455,0.19029051987767584,0.0472027972027972,0.8289755351681957,0.8871649184149184,0,77838.50917431193,146203.51107226108,170278.14220183485,69222.439321095575,2008-2018,bigcategory,Complaints,10,72,53,0,184,319,0.5768025078369906,1218,828,9677,0.12586545416968067,0.08556370776066963,2296,277,0.12064459930313588,1826.9420440738058,164.0430677578124,4961.50275,0.3682235274532108,0.03306318186718982,0.02912844036697248,2647.5385321100916,90891.87401574804,0.027507039202945636,0.016046298089919243,1.7142296029154767,0.16272965879265092,0.6587926509186351,0.1732283464566929,0.005249343832020997,0.8372703412073491,-87.70975937563001,41.74802160442981,Black & Latino,$50-75K,Black & Latino ($50-75K),
AUBURN GRESHAM,0,138,0,2,13,23,49,40,15,140,0,0,11579400,0,194112,941316,1824078,4267620,3556548,1183950,11773512,0,Auburn Gresham,45271,16967,20726,0.007996289015042743,0.9615206202646286,9.719246316626538e-4,0.002650703540898147,0.01846656800159042,0.14750785810507408,0.26132087999645875,0.37224199288256227,0.32663405434077913,0.1813663996912091,0.4483408970354217,0.4570587667663804,0.0019781916433465213,48412.53609948724,52092.43462317862,134975.38751694467,33827.126218276564,2008-2018,bigcategory,Complaints,56,567,349,13,636,1621,0.39235040098704504,1377,209,10528,0.13079407294832826,0.019851823708206685,7804,2122,0.27191184008200925,3676.2345446547206,633.9990509038503,12318.708279999999,0.29842695038271666,0.05146635803797526,0.008251311369128309,693.9065244297755,84096.5142857143,0.010107573460399972,0.016515072087226256,0.612021152981692,0.014285714285714285,0.9857142857142858,0,0,0.9857142857142858,-87.6560764237735,41.743392103833244,Black,$20-50K,Black ($20-50K),
BEVERLY,2,100,17,226,48,94,115,71,18,346,1,162534,9185394,1474548,21028422,3692622,8064702,11253252,7344084,1586262,31940922,90024,Beverly,20437,7557,8043,0.5673533297450702,0.34917062191123943,0,0.009296863531829526,0.053628223320448205,0.5606571187868576,0.04502033018174693,0.043837882547559964,0.12174143178509991,0.06042521447221186,0.8259891491332539,0.7901280616685317,0.002113639189357205,126344.87230382428,263777.4710928758,305495.6861188302,102222.35297774462,2008-2018,bigcategory,Complaints,0,35,17,0,86,138,0.6231884057971014,1082,2899,8777,0.12327674604078842,0.33029508943830466,920,121,0.13152173913043477,448.0129823375565,47.81593409835537,1156.865088,0.38726467501243883,0.0413323339033595,0.04578536456265714,4226.666931321954,92314.80346820809,0.024980145837845642,0.007455512982850897,3.3505603028664486,0.653179190751445,0.28901734104046245,0.049132947976878616,0.005780346820809248,0.3439306358381503,-87.67191037249275,41.71742689691862,Black & white,$75-120K,Black & white ($75-120K),Cop neighborhood
WASHINGTON HEIGHTS,0,122,0,1,10,23,39,41,10,123,0,0,10593036,0,93354,774186,1779714,3521586,3694284,916620,10686390,0,Washington Heights,27354,9485,10555,0.009797470205454413,0.9693646267456314,3.655772464721796e-4,0.0013891935365942824,0.005958909117496527,0.23058611933982226,0.20375216541963068,0.3044797429948242,0.33748023194517657,0.10137375651350071,0.6813916710595678,0.77517764092847,0.0015158692562766462,62499.219820769635,95592.20274751303,141398.61887190302,47175.202936996684,2008-2018,bigcategory,Complaints,6,131,53,1,229,420,0.5452380952380952,983,202,7272,0.13517601760176018,0.027777777777777776,3226,723,0.2241165530068196,1599.9456978616631,206.1124362033641,5141.96581,0.31115448001426194,0.04008436536130218,0.012967843964153927,1126.662098049552,86881.21951219512,0.008880225254494261,0.009978866865631132,0.8899031697756411,0.008130081300813009,0.991869918699187,0,0,0.991869918699187,-87.64727151294761,41.715914179732636,Black,$20-50K,Black ($20-50K),
MOUNT GREENWOOD,3,8,46,825,94,251,369,157,11,882,0,293532,667386,4002036,78718332,7157832,22470876,37090734,15972564,989280,83681286,0,Mount Greenwood,19342,6751,7074,0.8425705718126357,0.03179609140730018,0,0.019129355806017993,0.09502636749043532,0.3918492887351019,0.04129494096906886,0.02043506921555702,0.10102207080432528,0.045660163980774666,0.860168863872019,0.864715860899067,0.0022618037885213456,106230.97318915716,201879.41758552447,245104.88816471634,99535.19423240033,2008-2018,bigcategory,Complaints,2,12,15,0,112,141,0.7943262411347518,178,4354,7171,0.024822200529912145,0.6071677590294241,429,62,0.1445221445221445,416.532985490108,22.84575328895507,804.30423,0.5178798891684406,0.028404367945391848,0.130647311509406,12395.391201303511,94876.74149659864,0.06367771280051981,0.007056051872305234,9.024552816916312,0.935374149659864,0.009070294784580499,0.05215419501133787,0.003401360544217687,0.06462585034013606,-87.70825063849037,41.69685882895716,White,$75-120K,White ($75-120K),Cop neighborhood
MORGAN PARK,0,142,15,140,38,74,97,72,16,297,0,0,13006980,1439262,12660774,2910060,6207552,9210468,7260024,1518912,27107016,0,Morgan Park,27812,10472,11649,0.32158780382568675,0.5628865238026751,2.8764562059542645e-4,0.0039191715806126855,0.08949374370775205,0.33751765259689315,0.16916800233134197,0.23190710990933672,0.20788770053475936,0.10103871576959396,0.6709320091673033,0.69379345866598,0,78439.98281130634,121573.95484590952,194949.85676088618,59136.41995021032,2008-2018,bigcategory,Complaints,2,141,49,0,269,461,0.5835140997830802,936,2123,8259,0.11333091173265529,0.25705291197481533,1856,372,0.20043103448275862,1252.4003890343565,105.39475477557215,3812.360791,0.3285104578745408,0.02764553528731645,0.028361344537815126,2588.5233002291825,91269.41414141415,0.021442495126705652,0.010145947403192697,2.1134049167215463,0.4713804713804714,0.4781144781144781,0.050505050505050504,0,0.5286195286195287,-87.6689915814083,41.687681791514294,Black & white,$50-75K,Black & white ($50-75K),Cop neighborhood
OHARE,5,2,8,116,11,54,41,19,7,132,1,433704,152526,617724,10681446,850722,4654374,3905400,1955808,620076,11986380,100980,Ohare,21233,9029,9832,0.6698064333819997,0.019168275797108274,0,0.09419300145999153,0.19055244195356286,0.32026673314221615,0.13069879975330898,0.21788871554862194,0.10333370251412116,0.08167209113100081,0.45198803854247427,0.24318551668022784,0,NA,NA,208515.98183630523,53805.02013832384,2008-2018,bigcategory,Complaints,2,8,17,2,76,105,0.7238095238095238,110,336,1738,0.06329113924050633,0.19332566168009205,1570,351,0.22356687898089173,755.6805303053595,25.31409046748952,1562.403373,0.4836654498859428,0.016202019852839578,0.014619559198139329,1327.5423634954036,90805.90909090909,0.009529997834091402,0.00774589749791423,1.2303284205164844,0.8787878787878788,0.015151515151515152,0.06060606060606061,0.03787878787878788,0.11363636363636363,-87.84616621404035,41.963164976957735,White,$50-75K,White ($50-75K),
EDGEWATER,8,8,15,78,11,31,33,25,9,109,0,682512,688020,1326258,7008660,857652,2585586,2986602,2466198,809412,9705450,0,Edgewater,57022,28880,32639,0.5502963768370103,0.13484269229420223,0.0018764687313668408,0.1283890428255761,0.153624916698818,0.5640267620974015,0.16066933214867465,0.2103638726445744,0.06153047091412742,0.11516896963755018,0.36305401662049863,0.08180397683752566,0.002389779098624345,78935.29085872576,125261.00370722142,265236.99099722994,54247.72811667024,2008-2018,bigcategory,Complaints,25,12,27,0,138,202,0.6831683168316832,5356,644,15746,0.34014987933443414,0.040899276006604854,2456,311,0.126628664495114,2666.0555952792815,100.53513682709487,6424.07705,0.4150099032948681,0.015649740195300875,0.0037742382271468145,336.06128808864264,89040.8256880734,0.007869467908454263,0.020801891731082052,0.3783053969411712,0.7155963302752294,0.07339449541284404,0.13761467889908258,0.07339449541284404,0.28440366972477066,-87.66377044544015,41.98717171000365,White,$50-75K,White ($50-75K),
EDISON PARK,7,0,22,325,25,85,163,70,11,354,0,645102,0,2088480,31762710,1841310,7753926,16597320,7260936,1042800,34496292,0,Edison Park,11724,4643,4954,0.8321392016376663,0.019020812009553054,0,0.02456499488229273,0.09962470146707608,0.4974833196769285,0.028071672354948805,0.030408006158583526,0.05836743484815852,0.06277755349212757,0.7772991600258453,0.6830843762616068,0,135673.68080982124,266040.59345983044,379406.37518845574,100707.04400484457,2008-2018,bigcategory,Complaints,2,2,6,0,22,32,0.6875,345,931,4247,0.0812338121026607,0.21921356251471627,250,19,0.076,152.55769804916827,1.4800989527502917,305.051116,0.5001053595528177,0.004851970293235353,0.07624380788283437,7429.741977169933,97447.15254237287,0.025557721464154214,0.004276969917842341,5.975660796101099,0.9180790960451978,0,0.062146892655367235,0.01977401129943503,0.08192090395480225,-87.81399802475676,42.00717802350922,White,$75-120K,White ($75-120K),Cop neighborhood
